name,email,password
Ana Silva,ana.silva1@example.com,P@ssw0rd1
João Pereira,joao.pereira2@example.com,P@ssw0rd2
Maria Oliveira,maria.oliveira3@example.com,P@ssw0rd3
Pedro Santos,pedro.santos4@example.com,P@ssw0rd4
Bruno Costa,bruno.costa5@example.com,P@ssw0rd5
Carla Almeida,carla.almeida6@example.com,P@ssw0rd6
Lucas Ribeiro,lucas.ribeiro7@example.com,P@ssw0rd7
Mariana Gomes,mariana.gomes8@example.com,P@ssw0rd8
Rafael Fernandes,rafael.fernandes9@example.com,P@ssw0rd9
Patrícia Martins,patricia.martins10@example.com,P@ssw0rd10
Gustavo Araújo,gustavo.araujo11@example.com,P@ssw0rd11
Isabela Nunes,isabela.nunes12@example.com,P@ssw0rd12
Felipe Rocha,felipe.rocha13@example.com,P@ssw0rd13
Sofia Lima,sofia.lima14@example.com,P@ssw0rd14
Matheus Barros,matheus.barros15@example.com,P@ssw0rd15
Letícia Dias,leticia.dias16@example.com,P@ssw0rd16
Thiago Moreira,thiago.moreira17@example.com,P@ssw0rd17
Bianca Azevedo,bianca.azevedo18@example.com,P@ssw0rd18
Diego Carvalho,diego.carvalho19@example.com,P@ssw0rd19
Camila Freitas,camila.freitas20@example.com,P@ssw0rd20
Vitor Teixeira,vitor.teixeira21@example.com,P@ssw0rd21
Laura Pinto,laura.pinto22@example.com,P@ssw0rd22
Marcelo Mendes,marcelo.mendes23@example.com,P@ssw0rd23
Priscila Lopes,priscila.lopes24@example.com,P@ssw0rd24
André Guimarães,andre.guimaraes25@example.com,P@ssw0rd25
Renata Cardoso,renata.cardoso26@example.com,P@ssw0rd26
Fernando Rocha,fernando.rocha27@example.com,P@ssw0rd27
Aline Campos,aline.campos28@example.com,P@ssw0rd28
Ricardo Araujo,ricardo.araujo29@example.com,P@ssw0rd29
Tânia Monteiro,tania.monteiro30@example.com,P@ssw0rd30
Emanuel Cunha,emanuel.cunha31@example.com,P@ssw0rd31
Sabrina Teixeira,sabrina.teixeira32@example.com,P@ssw0rd32
Bruna Correia,bruna.correia33@example.com,P@ssw0rd33
Nicolas Batista,nicolas.batista34@example.com,P@ssw0rd34
Gabriela Farias,gabriela.farias35@example.com,P@ssw0rd35
Rodrigo Vasconcelos,rodrigo.vasconcelos36@example.com,P@ssw0rd36
Débora Macedo,debora.macedo37@example.com,P@ssw0rd37
Igor Sá,igor.sa38@example.com,P@ssw0rd38
Natália Melo,natalia.melo39@example.com,P@ssw0rd39
Cláudio Pires,claudio.pires40@example.com,P@ssw0rd40
Simone Sousa,simone.sousa41@example.com,P@ssw0rd41
Paulo Nascimento,paulo.nascimento42@example.com,P@ssw0rd42
Mônica Reis,monica.reis43@example.com,P@ssw0rd43
Henrique Batista,henrique.batista44@example.com,P@ssw0rd44
Rosa Albuquerque,rosa.albuquerque45@example.com,P@ssw0rd45
Alexandre Vieira,alexandre.vieira46@example.com,P@ssw0rd46
Carolina Rios,carolina.rios47@example.com,P@ssw0rd47
Daniela Marques,daniela.marques48@example.com,P@ssw0rd48
Sérgio Couto,sergio.couto49@example.com,P@ssw0rd49
Vanessa Prado,vanessa.prado50@example.com,P@ssw0rd50
